,Date,Value,USD (PM)
0,2016-09-11,621.65,
1,2016-09-12,609.67,1324.6
2,2016-09-13,610.92,1323.65
3,2016-09-14,608.82,1321.75
4,2016-09-15,610.38,1310.8
5,2016-09-16,609.11,1308.35
6,2016-09-17,607.04,
7,2016-09-18,611.58,
8,2016-09-19,610.19,1314.85
9,2016-09-20,608.66,1313.8
10,2016-09-21,598.88,1326.1
11,2016-09-22,597.42,1339.1
12,2016-09-23,594.08,1338.65
13,2016-09-24,603.88,
14,2016-09-25,601.74,
15,2016-09-26,598.98,1340.5
16,2016-09-27,605.96,1327.0
17,2016-09-28,605.67,1322.5
18,2016-09-29,603.85,1318.1
19,2016-09-30,609.39,1322.5
20,2016-10-01,614.82,
21,2016-10-02,612.98,
22,2016-10-03,611.85,1313.3
23,2016-10-04,609.62,1283.3
24,2016-10-05,607.18,1269.4
25,2016-10-06,612.08,1254.5
26,2016-10-07,617.21,1258.75
27,2016-10-08,614.74,
28,2016-10-09,615.65,
29,2016-10-10,617.54,1259.5
30,2016-10-11,614.77,1253.45
31,2016-10-12,635.01,1256.5
32,2016-10-13,635.96,1261.05
33,2016-10-14,634.02,1251.75
34,2016-10-15,637.94,
35,2016-10-16,641.42,
36,2016-10-17,638.97,1254.8
37,2016-10-18,636.29,1258.2
38,2016-10-19,629.25,1269.05
39,2016-10-20,627.72,1271.65
40,2016-10-21,631.92,1266.05
41,2016-10-22,655.48,
42,2016-10-23,653.25,
43,2016-10-24,651.39,1265.55
44,2016-10-25,655.31,1269.4
45,2016-10-26,651.45,1270.5
46,2016-10-27,682.22,1266.25
47,2016-10-28,687.68,1273.0
48,2016-10-29,685.91,
49,2016-10-30,698.0,
50,2016-10-31,702.0,1272.0
51,2016-11-01,697.01,1288.45
52,2016-11-02,733.33,1303.75
53,2016-11-03,686.17,1301.0
54,2016-11-04,683.69,1302.8
55,2016-11-05,704.79,
56,2016-11-06,712.0,
57,2016-11-07,709.96,1283.05
58,2016-11-08,708.97,1282.35
59,2016-11-09,720.93,1281.4
60,2016-11-10,721.5,1267.5
61,2016-11-11,715.45,1236.45
62,2016-11-12,703.71,
63,2016-11-13,702.28,
64,2016-11-14,706.46,1213.6
65,2016-11-15,710.91,1226.95
66,2016-11-16,711.73,1229.2
67,2016-11-17,736.96,1226.75
68,2016-11-18,747.52,1211.0
69,2016-11-19,748.98,
70,2016-11-20,729.06,
71,2016-11-21,738.53,1214.25
72,2016-11-22,736.97,1212.25
73,2016-11-23,741.63,1185.35
74,2016-11-24,737.45,1186.1
75,2016-11-25,735.64,1187.7
76,2016-11-26,733.67,
77,2016-11-27,727.96,
78,2016-11-28,727.31,1187.0
79,2016-11-29,732.71,1186.55
80,2016-11-30,742.69,1178.1
81,2016-12-01,742.05,1161.85
82,2016-12-02,772.43,1173.5
83,2016-12-03,764.33,
84,2016-12-04,762.97,
85,2016-12-05,754.63,1162.2
86,2016-12-06,756.62,1172.5
87,2016-12-07,758.99,1177.65
88,2016-12-08,769.72,1171.05
89,2016-12-09,770.02,1163.6
90,2016-12-10,769.08,
91,2016-12-11,777.0,
92,2016-12-12,777.0,1156.1
93,2016-12-13,777.99,1158.55
94,2016-12-14,774.89,1162.25
95,2016-12-15,776.75,1126.95
96,2016-12-16,775.88,1131.6
97,2016-12-17,788.7,
98,2016-12-18,788.4,
99,2016-12-19,788.67,1136.25
100,2016-12-20,793.09,1125.7
101,2016-12-21,824.21,1133.65
102,2016-12-22,834.97,1131.35
103,2016-12-23,901.31,
104,2016-12-24,891.61,
105,2016-12-25,892.6,
106,2016-12-26,897.33,
107,2016-12-27,930.37,
108,2016-12-28,930.34,1134.6
109,2016-12-29,963.38,1145.9
110,2016-12-30,952.15,
111,2016-12-31,958.12,
112,2017-01-01,997.72,
113,2017-01-02,1015.97,
114,2017-01-03,1013.42,1151.0
115,2017-01-04,1126.76,1164.25
116,2017-01-05,994.67,1176.7
117,2017-01-06,999.65,1175.85
118,2017-01-07,896.83,
119,2017-01-08,908.14,
120,2017-01-09,910.49,1178.5
121,2017-01-10,906.05,1189.5
122,2017-01-11,785.22,1178.55
123,2017-01-12,780.92,1205.05
124,2017-01-13,826.29,1190.35
125,2017-01-14,817.91,
126,2017-01-15,819.55,
127,2017-01-16,830.5,1203.0
128,2017-01-17,903.84,1216.05
129,2017-01-18,906.6,1214.75
130,2017-01-19,895.798875,1196.05
131,2017-01-20,893.6210875,1200.55
132,2017-01-21,895.64,
133,2017-01-22,918.603625,
134,2017-01-23,922.0736125,1212.85
135,2017-01-24,919.97,1216.8
136,2017-01-25,893.045625,1195.0
137,2017-01-26,915.95625,1189.7
138,2017-01-27,915.05,1184.85
139,2017-01-28,920.31225,
140,2017-01-29,915.933,
141,2017-01-30,912.19,1192.8
142,2017-01-31,964.706075,1212.8
143,2017-02-01,979.703875,1203.65
144,2017-02-02,983.42,1221.95
145,2017-02-03,1013.027,1215.2
146,2017-02-04,1030.999413,
147,2017-02-05,1034.07,
148,2017-02-06,1024.01375,1226.75
149,2017-02-07,1050.11,1231.0
150,2017-02-08,1052.84,1242.1
151,2017-02-09,976.103,1236.8
152,2017-02-10,999.1035,1228.3
153,2017-02-11,997.59,
154,2017-02-12,1000.604625,
155,2017-02-13,999.877375,1222.25
156,2017-02-14,1001.2,1230.75
157,2017-02-15,1012.325988,1224.4
158,2017-02-16,1035.208125,1240.55
159,2017-02-17,1035.2,1241.95
160,2017-02-18,1056.637138,
161,2017-02-19,1052.779286,
162,2017-02-20,1050.87,1237.3
163,2017-02-21,1123.788429,1233.2
164,2017-02-22,1123.223188,1236.65
165,2017-02-23,1130.01,1247.9
166,2017-02-24,1174.86625,1253.65
167,2017-02-25,1150.605714,
168,2017-02-26,1150.37,
169,2017-02-27,1190.75195,1257.2
170,2017-02-28,1187.565286,1255.6
171,2017-03-01,1190.89,1240.4
172,2017-03-02,1259.410817,1238.1
173,2017-03-03,1285.14,1226.5
174,2017-03-04,1287.0,
175,2017-03-05,1270.9333,
176,2017-03-06,1275.197375,1230.95
177,2017-03-07,1279.5,1216.65
178,2017-03-08,1157.3933,1209.2
179,2017-03-09,1192.469143,1206.55
180,2017-03-10,1192.09,1202.65
181,2017-03-11,1179.159875,
182,2017-03-12,1227.494625,
183,2017-03-13,1227.68,1204.2
184,2017-03-14,1245.370786,1204.6
185,2017-03-15,1257.399625,1198.8
186,2017-03-16,1257.0,1229.35
187,2017-03-17,1091.171888,1229.6
188,2017-03-18,952.2323625,
189,2017-03-19,967.69,
190,2017-03-20,1049.084488,1232.4
191,2017-03-21,1118.630043,1241.6
192,2017-03-22,1113.0,1249.05
193,2017-03-23,1038.789,1247.5
194,2017-03-24,941.9197143,1247.5
195,2017-03-25,927.93,
196,2017-03-26,956.7863125,
197,2017-03-27,1037.22925,1257.55
198,2017-03-28,1041.04,1257.25
199,2017-03-29,1040.5755,1251.1
200,2017-03-30,1037.90455,1248.8
201,2017-03-31,1034.74,1244.85
202,2017-04-01,1086.929571,
203,2017-04-02,1099.169125,
204,2017-04-03,1079.99,1247.25
205,2017-04-04,1141.600363,1257.65
206,2017-04-05,1133.079314,1245.8
207,2017-04-06,1133.53,1252.5
208,2017-04-07,1190.45425,1266.45
209,2017-04-08,1181.149838,
210,2017-04-09,1184.03,
211,2017-04-10,1207.744875,1250.05
212,2017-04-11,1226.617038,1252.9
213,2017-04-12,1219.09,1274.3
214,2017-04-13,1180.023713,1284.15
215,2017-04-14,1185.260057,
216,2017-04-15,1170.36,
217,2017-04-16,1186.927413,
218,2017-04-17,1205.634875,
219,2017-04-18,1176.97,1278.95
220,2017-04-19,1217.930088,1279.05
221,2017-04-20,1241.686325,1282.1
222,2017-04-21,1236.63,1281.85
223,2017-04-22,1261.311225,
224,2017-04-23,1257.988113,
225,2017-04-24,1240.84,1269.4
226,2017-04-25,1279.414688,1267.8
227,2017-04-26,1309.109875,1261.85
228,2017-04-27,1288.02,1262.8
229,2017-04-28,1331.294429,1266.45
230,2017-04-29,1334.979038,
231,2017-04-30,1333.0,
232,2017-05-01,1417.172813,
233,2017-05-02,1452.076288,1255.45
234,2017-05-03,1447.55,1250.3
235,2017-05-04,1508.292125,1228.45
236,2017-05-05,1533.335071,1228.05
237,2017-05-06,1518.75,
238,2017-05-07,1535.868429,
239,2017-05-08,1640.619225,1229.8
240,2017-05-09,1651.1,1220.4
241,2017-05-10,1762.88625,1222.95
242,2017-05-11,1820.990563,1223.15
243,2017-05-12,1829.0,1231.25
244,2017-05-13,1771.920013,
245,2017-05-14,1776.3165,
246,2017-05-15,1780.0,1233.3
247,2017-05-16,1739.031975,1234.2
248,2017-05-17,1807.485063,1257.4
249,2017-05-18,1783.98,1255.9
250,2017-05-19,1961.520488,1252.0
251,2017-05-20,2052.909788,
252,2017-05-21,2008.84,
253,2017-05-22,2090.662313,1258.85
254,2017-05-23,2287.710288,1260.2
255,2017-05-24,2256.32,1252.55
256,2017-05-25,2387.206286,1256.95
257,2017-05-26,2211.976857,1265.05
258,2017-05-27,2279.82,
259,2017-05-28,2192.9808,
260,2017-05-29,2275.9307,
261,2017-05-30,2290.02,1262.7
262,2017-05-31,2285.933914,1266.2
263,2017-06-01,2399.242671,1264.85
264,2017-06-02,2409.93,1274.95
265,2017-06-03,2525.765158,
266,2017-06-04,2516.173143,
267,2017-06-05,2529.53,1279.95
268,2017-06-06,2883.313697,1293.5
269,2017-06-07,2664.920863,1291.0
270,2017-06-08,2683.03,1273.1
271,2017-06-09,2827.4913,1266.55
272,2017-06-10,2845.372857,
273,2017-06-11,2898.63,
274,2017-06-12,2657.675063,1266.4
275,2017-06-13,2748.185086,1262.0
276,2017-06-14,2706.0,1275.5
277,2017-06-15,2442.48025,1254.55
278,2017-06-16,2464.959814,1255.4
279,2017-06-17,2477.94,
280,2017-06-18,2507.389252,
281,2017-06-19,2617.210263,1248.15
282,2017-06-20,2600.0,1242.2
283,2017-06-21,2671.04325,1242.5
284,2017-06-22,2727.288013,1250.8
285,2017-06-23,2713.48,1255.7
286,2017-06-24,2589.164888,
287,2017-06-25,2512.366286,
288,2017-06-26,2502.03,1245.25
289,2017-06-27,2517.903114,1249.55
290,2017-06-28,2585.349186,1248.0
291,2017-06-29,2558.3,1243.5
292,2017-06-30,2477.641375,1242.25
293,2017-07-01,2501.191343,
294,2017-07-02,2421.26,
295,2017-07-03,2561.225429,1229.25
296,2017-07-04,2599.729838,1223.75
297,2017-07-05,2598.89,1220.3
298,2017-07-06,2609.96775,1224.9
299,2017-07-07,2491.201214,1215.65
300,2017-07-08,2502.86,
301,2017-07-09,2536.238938,
302,2017-07-10,2366.170143,1211.9
303,2017-07-11,2327.09,1211.05
304,2017-07-12,2385.748571,1218.8
305,2017-07-13,2354.783417,1218.9
306,2017-07-14,2338.49,1230.3
307,2017-07-15,2058.9956,
308,2017-07-16,1931.2143,
309,2017-07-17,1910.96,1234.1
310,2017-07-18,2320.12225,1240.75
311,2017-07-19,2264.7657,1242.15
312,2017-07-20,2265.21,1238.7
313,2017-07-21,2682.195363,1248.55
314,2017-07-22,2807.609857,
315,2017-07-23,2825.51,
316,2017-07-24,2751.821029,1255.55
317,2017-07-25,2560.997917,1254.4
318,2017-07-26,2564.3,1248.1
319,2017-07-27,2647.625,1261.1
320,2017-07-28,2781.636583,1264.9
321,2017-07-29,2784.8,
322,2017-07-30,2745.955417,
323,2017-07-31,2866.431667,1267.55
324,2017-08-01,2862.9,1270.95
325,2017-08-02,2693.633983,1269.6
326,2017-08-03,2794.117717,1268.1
327,2017-08-04,2790.0,1257.7
328,2017-08-05,3218.115017,
329,2017-08-06,3252.562533,
330,2017-08-07,3210.2,1258.0
331,2017-08-08,3457.374333,1261.8
332,2017-08-09,3357.326317,1271.05
333,2017-08-10,3340.28,1284.4
334,2017-08-11,3632.506667,1286.1
335,2017-08-12,3852.802914,
336,2017-08-13,3868.52,
337,2017-08-14,4282.992,1282.3
338,2017-08-15,4217.028329,1270.3
339,2017-08-16,4179.97,1272.75
340,2017-08-17,4328.725717,1285.15
341,2017-08-18,4130.440067,1295.8
342,2017-08-19,4104.71,
343,2017-08-20,4157.958033,
344,2017-08-21,4043.722,1292.9
345,2017-08-22,3986.28,1284.2
346,2017-08-23,4174.95,1286.65
347,2017-08-24,4340.316717,1289.0
348,2017-08-25,4331.77,1285.3
349,2017-08-26,4360.513317,
350,2017-08-27,4354.308333,
351,2017-08-28,4339.05,
352,2017-08-29,4607.98545,1318.65
353,2017-08-30,4594.98785,1308.5
354,2017-08-31,4582.52,1311.75
355,2017-09-01,4911.740017,1320.4
356,2017-09-02,4580.38748,
357,2017-09-03,4585.57,
358,2017-09-04,4344.098317,1333.1
359,2017-09-05,4488.72014,1335.55
360,2017-09-06,4385.02,1337.85
361,2017-09-07,4654.6585,1343.5
362,2017-09-08,4310.750183,1346.25
363,2017-09-09,4312.26,
364,2017-09-10,4329.955,
365,2017-09-11,4248.090017,1334.2
366,2017-09-12,4198.59,1326.5
367,2017-09-13,3961.271267,1327.55
368,2017-09-14,3319.63,1324.55
369,2017-09-15,3216.43,1322.85
370,2017-09-16,3763.62604,
371,2017-09-17,3746.060783,
372,2017-09-18,3678.53,1312.1
373,2017-09-19,3943.413333,1309.6
374,2017-09-20,3977.561667,1311.3
375,2017-09-21,3894.48,1292.1
376,2017-09-22,3637.50255,1294.8
377,2017-09-23,3776.3869,
378,2017-09-24,3777.62,
379,2017-09-25,3942.555,1293.3
380,2017-09-26,3910.307383,1300.05
381,2017-09-27,3881.0,1282.55
382,2017-09-28,4201.98905,1283.35
383,2017-09-29,4193.574667,1283.1
384,2017-09-30,4164.27,
385,2017-10-01,4360.722967,
386,2017-10-02,4386.88375,1273.7
387,2017-10-03,4394.07,1271.25
388,2017-10-04,4225.175,1274.25
389,2017-10-05,4338.852,1274.5
390,2017-10-06,4318.58,1261.8
391,2017-10-07,4376.191667,
392,2017-10-08,4602.280883,
393,2017-10-09,4605.66,1278.75
394,2017-10-10,4782.28,1291.4
395,2017-10-11,4819.485767,1289.25
396,2017-10-12,4822.17,1290.25
397,2017-10-13,5563.806567,1299.6
398,2017-10-14,5739.438733,
399,2017-10-15,5825.99,
400,2017-10-16,5711.205867,1303.3
401,2017-10-17,5603.71294,1284.75
402,2017-10-18,5594.66,1280.2
403,2017-10-19,5727.6335,1286.4
404,2017-10-20,5979.45984,1281.2
405,2017-10-21,5986.44,
406,2017-10-22,5983.18455,
407,2017-10-23,5876.079867,1274.9
408,2017-10-24,5900.59,1276.45
409,2017-10-25,5669.622533,1275.0
410,2017-10-26,5893.138417,1273.75
411,2017-10-27,5889.82,1266.45
412,2017-10-28,5776.69695,
413,2017-10-29,6155.43402,
414,2017-10-30,6136.49,1272.0
415,2017-10-31,6388.645167,1270.15
416,2017-11-01,6665.306683,1277.05
417,2017-11-02,6751.98,1279.2
418,2017-11-03,7197.72006,1267.2
419,2017-11-04,7437.543317,
420,2017-11-05,7365.99,
421,2017-11-06,6989.071667,1270.9
422,2017-11-07,7092.127233,1275.6
423,2017-11-08,7128.64,1284.0
424,2017-11-09,7158.03706,1284.8
425,2017-11-10,6719.39785,1284.3
426,2017-11-11,6569.22,
427,2017-11-12,5716.301583,
428,2017-11-13,6550.227533,1277.95
429,2017-11-14,6493.63,1274.6
430,2017-11-15,7301.42992,1282.2
431,2017-11-16,7815.0307,1280.0
432,2017-11-17,7868.77,1284.35
433,2017-11-18,7817.140383,
434,2017-11-19,8007.654067,
435,2017-11-20,8049.72,1286.2
436,2017-11-21,8059.8,1283.3
437,2017-11-22,8268.035,1286.95
438,2017-11-23,8236.72,1290.35
439,2017-11-24,8250.978333,1290.5
440,2017-11-25,8707.407267,
441,2017-11-26,8768.8,
442,2017-11-27,9718.29505,1294.9
443,2017-11-28,9952.50882,1291.85
444,2017-11-29,9919.0,1283.85
445,2017-11-30,10147.372,1280.2
446,2017-12-01,10883.912,1275.5
447,2017-12-02,10879.88,
448,2017-12-03,11332.622,
449,2017-12-04,11584.83,1273.45
450,2017-12-05,11591.22,1266.3
451,2017-12-06,13540.98,1263.7
452,2017-12-07,16501.97167,1255.0
453,2017-12-08,16860.88,1250.65
454,2017-12-09,15142.83415,
455,2017-12-10,14869.805,
456,2017-12-11,15068.95,1247.15
457,2017-12-12,17276.39333,1240.9
458,2017-12-13,16808.36667,1242.65
459,2017-12-14,16252.31,1251.0
460,2017-12-15,17771.9,1254.6
461,2017-12-16,19498.68333,
462,2017-12-17,19279.9,
463,2017-12-18,18961.85667,1260.6
464,2017-12-19,17737.11167,1260.35
465,2017-12-20,17382.94,1264.55
466,2017-12-21,16047.51,1264.55
467,2017-12-22,15190.945,
468,2017-12-23,13776.61,
469,2017-12-24,13949.175,
470,2017-12-25,14119.02833,
471,2017-12-26,13740.94,
472,2017-12-27,15589.32167,1279.4
473,2017-12-28,14380.58167,1291.0
474,2017-12-29,14214.01,
475,2017-12-30,13215.574,
476,2017-12-31,14165.575,
477,2018-01-01,13796.0,
478,2018-01-02,15005.85667,1312.05
479,2018-01-03,15053.26167,1314.9
480,2018-01-04,15039.24,1314.5
481,2018-01-05,17174.12,1317.15
482,2018-01-06,17319.198,
483,2018-01-07,17155.95,
484,2018-01-08,15265.90667,1319.95
485,2018-01-09,14714.25333,1311.0
486,2018-01-10,14437.42,1319.75
487,2018-01-11,13296.794,1323.05
488,2018-01-12,13912.882,1326.8
489,2018-01-13,13791.19,
490,2018-01-14,13852.92,
491,2018-01-15,14012.196,1339.25
492,2018-01-16,13554.14,1333.85
493,2018-01-17,11116.94667,1335.65
494,2018-01-18,11345.42333,1332.2
495,2018-01-19,11174.82,1334.95
496,2018-01-20,12950.79333,
497,2018-01-21,11505.228,
498,2018-01-22,11513.42,1332.6
499,2018-01-23,11223.064,1333.4
500,2018-01-24,11282.25833,1353.7
501,2018-01-25,11392.03,1354.95
502,2018-01-26,10969.815,1353.15
503,2018-01-27,11524.77667,
504,2018-01-28,11431.37,
505,2018-01-29,11212.655,1343.85
506,2018-01-30,10184.06167,1344.9
507,2018-01-31,10082.52,1345.05
508,2018-02-01,9083.258333,1341.35
509,2018-02-02,8901.901667,1331.15
510,2018-02-03,8852.73,
511,2018-02-04,8400.648333,
512,2018-02-05,6838.816667,1333.6
513,2018-02-06,6925.46,1331.4
514,2018-02-07,8099.958333,1324.65
515,2018-02-08,8240.536667,1315.45
516,2018-02-09,8245.08,1314.1
517,2018-02-10,8319.876566,
518,2018-02-11,8343.455,
519,2018-02-12,8068.02,1322.3
520,2018-02-13,8597.7675,1325.35
521,2018-02-14,9334.633333,1336.25
522,2018-02-15,9471.64,1352.45
523,2018-02-16,10127.16167,1352.1
524,2018-02-17,10841.99167,
525,2018-02-18,11085.83,
526,2018-02-19,11110.965,1346.6
527,2018-02-20,11390.39167,1339.85
528,2018-02-21,11245.98,1330.5
529,2018-02-22,9931.071667,1328.35
530,2018-02-23,10162.11667,1327.95
531,2018-02-24,10171.3,
532,2018-02-25,9696.593333,
533,2018-02-26,10348.60333,1333.5
534,2018-02-27,10319.46,1325.75
535,2018-02-28,10370.165,1317.85
536,2018-03-01,11009.38167,1307.75
537,2018-03-02,10931.12,1322.3
538,2018-03-03,11326.94833,
539,2018-03-04,11430.18167,
540,2018-03-05,11516.83,1320.4
541,2018-03-06,10763.19833,1331.4
542,2018-03-07,10118.058,1329.4
543,2018-03-08,9920.46,1321.0
544,2018-03-09,9089.278333,1320.6
545,2018-03-10,8746.002,
546,2018-03-11,8777.37,
547,2018-03-12,9182.843333,1319.15
548,2018-03-13,9154.7,1322.75
549,2018-03-14,9153.54,1323.55
550,2018-03-15,8358.121667,1318.75
551,2018-03-16,8530.402,1310.1
552,2018-03-17,8297.89,
553,2018-03-18,8171.415,
554,2018-03-19,8412.033333,1312.4
555,2018-03-20,8605.64,1311.0
556,2018-03-21,8947.753333,1321.35
557,2018-03-22,8690.408333,1329.15
558,2018-03-23,8725.37,1346.6
559,2018-03-24,8662.378333,
560,2018-03-25,8617.296667,
561,2018-03-26,8457.96,1352.4
562,2018-03-27,7876.195,1341.45
563,2018-03-28,7960.38,1332.45
564,2018-03-29,7950.61,1323.85
565,2018-03-30,6882.531667,
566,2018-03-31,6935.48,
567,2018-04-01,6937.56,
568,2018-04-02,7035.848333,
569,2018-04-03,7410.435,1333.45
570,2018-04-04,7426.48,1337.3
571,2018-04-05,6826.51,1327.7
572,2018-04-06,6603.876667,1331.2
573,2018-04-07,6634.68,
574,2018-04-08,7017.656667,
575,2018-04-09,6699.273333,1331.95
576,2018-04-10,6784.41,1338.95
577,2018-04-11,6926.266667,1350.75
578,2018-04-12,7847.845,1341.35
579,2018-04-13,7941.46,1343.7
580,2018-04-14,8036.511051,
581,2018-04-15,8340.748333,
582,2018-04-16,8368.1,1349.35
583,2018-04-17,7895.416926,1342.1
584,2018-04-18,8164.937426,1351.45
585,2018-04-19,8175.96,1348.6
586,2018-04-20,8852.718333,1336.75
587,2018-04-21,8807.205,
588,2018-04-22,8930.6,
589,2018-04-23,8933.861667,1324.3
590,2018-04-24,9555.542,1328.85
591,2018-04-25,9658.11,1321.65
592,2018-04-26,9258.398333,1320.7
593,2018-04-27,9010.32,1321.5
594,2018-04-28,8928.55,
595,2018-04-29,9334.281667,
596,2018-04-30,9259.57,1313.2
597,2018-05-01,9239.55,1307.1
598,2018-05-02,9221.426,1304.2
599,2018-05-03,9639.268333,1315.05
600,2018-05-04,9753.35,1309.4
601,2018-05-05,9803.306667,
602,2018-05-06,9630.136277,
603,2018-05-07,9631.44,
604,2018-05-08,9228.608333,1306.6
605,2018-05-09,9322.041667,1313.85
606,2018-05-10,9310.37,1318.8
607,2018-05-11,8468.788,1324.35
608,2018-05-12,8484.346667,
609,2018-05-13,8463.52,
610,2018-05-14,8652.038333,1319.85
611,2018-05-15,8511.458,1295.0
612,2018-05-16,8471.06,1291.25
613,2018-05-17,8106.118333,1289.5
614,2018-05-18,8240.055,1288.3
615,2018-05-19,8239.08,
616,2018-05-20,8507.406667,
617,2018-05-21,8385.556187,1288.35
618,2018-05-22,8396.63,1293.05
619,2018-05-23,7555.74,1289.0
620,2018-05-24,7566.193333,1304.85
621,2018-05-25,7576.78,1303.5
622,2018-05-26,7342.908333,
623,2018-05-27,7361.831667,
624,2018-05-28,7344.56,
625,2018-05-29,7459.876667,1295.5
626,2018-05-30,7385.395,1300.7
627,2018-05-31,7386.72,1305.35
628,2018-06-01,7535.146667,1294.6
629,2018-06-02,7645.146667,
630,2018-06-03,7637.14,
631,2018-06-04,7500.273333,1295.45
632,2018-06-05,7615.722142,1292.05
633,2018-06-06,7619.43,1300.1
634,2018-06-07,7676.271667,1297.25
635,2018-06-08,7620.153333,1298.25
636,2018-06-09,7615.54,
637,2018-06-10,6776.888333,
638,2018-06-11,6875.678333,1299.6
639,2018-06-12,6879.31,1298.65
640,2018-06-13,6315.7,1296.15
641,2018-06-14,6647.013333,1302.75
642,2018-06-15,6637.41,1285.25
643,2018-06-16,6509.426667,
644,2018-06-17,6464.411667,
645,2018-06-18,6445.79,1281.55
646,2018-06-19,6737.0,1276.15
647,2018-06-20,6714.718333,1274.2
648,2018-06-21,6760.83,1266.15
649,2018-06-22,6332.573333,1269.15
650,2018-06-23,6141.605833,
651,2018-06-24,6170.46,
652,2018-06-25,6211.4475,1268.7
653,2018-06-26,6218.595,1260.3
654,2018-06-27,6097.46,1254.6
655,2018-06-28,6107.896154,1251.55
656,2018-06-29,5908.7025,1250.45
657,2018-06-30,6223.28,
658,2018-07-01,6374.754167,
659,2018-07-02,6466.069167,1247.8
660,2018-07-03,6626.44,1251.75
661,2018-07-04,6593.289167,1255.65
662,2018-07-05,6603.376667,1255.5
663,2018-07-06,6555.51,1255.35
664,2018-07-07,6594.281667,
665,2018-07-08,6753.559167,
666,2018-07-09,6724.04,1262.05
667,2018-07-10,6510.791667,1254.0
668,2018-07-11,6377.363333,1251.4
669,2018-07-12,6403.18,1245.9
670,2018-07-13,6244.3575,1241.7
671,2018-07-14,6241.0,
672,2018-07-15,6248.84,
673,2018-07-16,6514.390833,1241.1
674,2018-07-17,6869.910833,1232.8
675,2018-07-18,7321.62,1224.5
676,2018-07-19,7396.401667,1217.55
677,2018-07-20,7428.045,1228.75
678,2018-07-21,7334.99,
679,2018-07-22,7451.289167,
680,2018-07-23,7689.884167,1224.95
681,2018-07-24,7715.1,1228.35
682,2018-07-25,8251.165,1231.5
683,2018-07-26,8187.324167,1228.25
684,2018-07-27,7939.81,1223.95
685,2018-07-28,8182.251667,
686,2018-07-29,8206.341667,
687,2018-07-30,8220.91,1223.8
688,2018-07-31,7916.800833,1220.95
689,2018-08-01,7570.869167,1219.0
690,2018-08-02,7607.7,1215.45
691,2018-08-03,7394.499167,1216.3
692,2018-08-04,7247.769167,
693,2018-08-05,7011.28,
694,2018-08-06,6988.079167,1209.65
695,2018-08-07,6993.513333,1212.35
696,2018-08-08,6718.23,1209.55
697,2018-08-09,6396.7725,1214.35
698,2018-08-10,6396.494667,1214.4
699,2018-08-11,6138.96,
700,2018-08-12,6311.131667,
701,2018-08-13,6347.07,1200.35
702,2018-08-14,6252.13,1197.0
703,2018-08-15,6362.676923,1182.0
704,2018-08-16,6342.629231,1180.4
705,2018-08-17,6312.75,1178.4
706,2018-08-18,6436.720833,
707,2018-08-19,6404.063333,
708,2018-08-20,6486.58,1184.35
709,2018-08-21,6401.246154,1190.95
710,2018-08-22,6575.229167,1196.65
711,2018-08-23,6354.57,1192.35
712,2018-08-24,6543.645714,1197.7
713,2018-08-25,6719.429231,
714,2018-08-26,6738.27,
715,2018-08-27,6719.266154,
716,2018-08-28,7000.04,1212.25
717,2018-08-29,7078.19,1204.2
718,2018-08-30,6932.6625,1197.3
719,2018-08-31,6981.946154,1202.45
720,2018-09-01,7018.78,
721,2018-09-02,7247.935385,
722,2018-09-03,7260.949231,1200.05
723,2018-09-04,7265.08,1190.85
724,2018-09-05,7113.069231,1196.7
725,2018-09-06,6433.271667,1205.15
726,2018-09-07,6501.19,1198.9
727,2018-09-08,6366.1075,
728,2018-09-09,6286.425833,
729,2018-09-10,6240.98,1196.6
730,2018-09-11,6296.320833,1189.85
731,2018-09-12,6273.1375,1195.6
732,2018-09-13,6326.04,1209.8
733,2018-09-14,6499.0625,1201.95
734,2018-09-15,6518.655,
735,2018-09-16,6522.39,
736,2018-09-17,6400.600833,1201.9
737,2018-09-18,6296.631667,1200.2
738,2018-09-19,6342.39,1203.3
739,2018-09-20,6418.562667,1208.35
740,2018-09-21,6669.990833,1198.7
741,2018-09-22,6756.12,
742,2018-09-23,6710.445,
743,2018-09-24,6639.304167,1202.75
744,2018-09-25,6583.45,1201.9
745,2018-09-26,6468.631667,1194.25
746,2018-09-27,6535.476667,1185.4
747,2018-09-28,6686.08,1187.25
748,2018-09-29,6550.474167,
749,2018-09-30,6593.135,
750,2018-10-01,6611.02,1189.35
751,2018-10-02,6562.641667,1204.7
752,2018-10-03,6470.4025,1201.2
753,2018-10-04,6483.73,1203.45
754,2018-10-05,6568.549167,1203.8
755,2018-10-06,6581.486667,
756,2018-10-07,6573.62,
757,2018-10-08,6618.567692,1186.95
758,2018-10-09,6621.711667,1185.55
759,2018-10-10,6626.85,1188.6
760,2018-10-11,6248.635833,1205.55
761,2018-10-12,6260.530833,1219.75
762,2018-10-13,6247.0,
763,2018-10-14,6299.399167,
764,2018-10-15,6452.571667,1229.95
765,2018-10-16,6599.17,1230.7
766,2018-10-17,6596.276154,1229.05
767,2018-10-18,6568.040769,1223.0
768,2018-10-19,6509.61,1227.85
769,2018-10-20,6488.825833,
770,2018-10-21,6531.601667,
771,2018-10-22,6504.78,1222.3
772,2018-10-23,6481.426,1235.95
773,2018-10-24,6508.31,1230.55
774,2018-10-25,6489.77,1230.8
775,2018-10-26,6473.753333,1233.85
776,2018-10-27,6465.9175,
777,2018-10-28,6457.21,
778,2018-10-29,6382.668333,1230.8
779,2018-10-30,6309.452857,1225.4
780,2018-10-31,6301.61,1214.95
781,2018-11-01,6342.280833,1231.15
782,2018-11-02,6387.674167,1232.1
783,2018-11-03,6390.42,
784,2018-11-04,6391.873333,
785,2018-11-05,6436.965,1232.25
786,2018-11-06,6437.76,1231.6
787,2018-11-07,6538.79,1229.95
788,2018-11-08,6486.251667,1224.15
789,2018-11-09,6444.97,1211.4
790,2018-11-10,6399.033333,
791,2018-11-11,6378.268333,
792,2018-11-12,6408.53,1205.55
793,2018-11-13,6372.063333,1202.1
794,2018-11-14,6176.155,1203.25
795,2018-11-15,5756.77,1211.85
796,2018-11-16,5596.1925,1222.4
797,2018-11-17,5558.243333,
798,2018-11-18,5572.44,
799,2018-11-19,5303.9425,1221.6
800,2018-11-20,4671.97,1223.0
801,2018-11-21,4491.98,1226.1
802,2018-11-22,4548.7975,1227.05
803,2018-11-23,4309.3375,1223.65
804,2018-11-24,4352.98,
805,2018-11-25,3823.511667,
806,2018-11-26,3920.536667,1223.4
807,2018-11-27,3793.35,1221.2
808,2018-11-28,4103.453846,1213.25
809,2018-11-29,4263.783333,1226.25
810,2018-11-30,4278.77,1217.55
811,2018-12-01,4116.7775,
812,2018-12-02,4167.546667,
813,2018-12-03,4140.6,1230.3
814,2018-12-04,3961.493333,1240.3
815,2018-12-05,3858.349167,1235.9
816,2018-12-06,3744.98,1242.55
817,2018-12-07,3405.643333,1243.3
818,2018-12-08,3435.34,
819,2018-12-09,3453.66,
820,2018-12-10,3523.96,1245.35
821,2018-12-11,3426.19,1245.3
822,2018-12-12,3407.28,1245.75
823,2018-12-13,3406.7625,1242.75
824,2018-12-14,3278.374167,1235.35
825,2018-12-15,3242.42,
826,2018-12-16,3271.238333,
827,2018-12-17,3392.405,1241.65
828,2018-12-18,3556.54,1246.3
829,2018-12-19,3808.0425,1255.0
830,2018-12-20,3982.850833,1259.75
831,2018-12-21,4135.19,1258.15
832,2018-12-22,3910.973333,
833,2018-12-23,4027.478333,
834,2018-12-24,3995.17,
835,2018-12-25,3813.88,
836,2018-12-26,3825.379167,
837,2018-12-27,3848.21,1268.0
838,2018-12-28,3743.905,1279.0
839,2018-12-29,3912.285833,
840,2018-12-30,3770.36,
841,2018-12-31,3791.545833,
842,2019-01-01,3752.271667,
843,2019-01-02,3855.88,1282.9
844,2019-01-03,3865.7975,1290.45
845,2019-01-04,3822.626667,1279.9
846,2019-01-05,3856.62,
847,2019-01-06,3920.456667,
848,2019-01-07,4036.093333,1292.2
849,2019-01-08,4032.25,1286.45
850,2019-01-09,4034.138333,1288.6
851,2019-01-10,3812.585833,1291.9
852,2019-01-11,3646.25,1288.95
853,2019-01-12,3646.345833,
854,2019-01-13,3599.841667,
855,2019-01-14,3531.96,1292.75
856,2019-01-15,3656.785,1294.4
857,2019-01-16,3621.270833,1292.3
858,2019-01-17,3621.43,1290.7
859,2019-01-18,3632.395,1284.2
860,2019-01-19,3690.523333,
861,2019-01-20,3703.98,
862,2019-01-21,3548.4275,1279.55
863,2019-01-22,3540.02,1282.1
864,2019-01-23,3587.35,1279.8
865,2019-01-24,3566.4,1283.7
866,2019-01-25,3586.25,1293.9
867,2019-01-26,3577.79,
868,2019-01-27,3576.3,
869,2019-01-28,3554.5,1302.15
870,2019-01-29,3448.58,1307.55
871,2019-01-30,3421.6,1310.7
872,2019-01-31,3470.0,1323.25
873,2019-02-01,3444.81,1318.7
874,2019-02-02,3475.33,
875,2019-02-03,3506.22,
876,2019-02-04,3456.02,1312.15
877,2019-02-05,3452.35,1314.2
878,2019-02-06,3467.34,1312.4
879,2019-02-07,3405.7,1310.0
880,2019-02-08,3394.76,1314.85
881,2019-02-09,3661.08,
882,2019-02-10,3664.38,
883,2019-02-11,3686.29,1306.4
884,2019-02-12,3629.47,1310.0
885,2019-02-13,3632.42,1312.8
886,2019-02-14,3614.5,1311.45
887,2019-02-15,3600.31,1316.55
888,2019-02-16,3608.2,
889,2019-02-17,3619.55,
890,2019-02-18,3670.74,1325.5
891,2019-02-19,3910.8,1334.15
892,2019-02-20,3926.53,1343.75
893,2019-02-21,3987.18,1331.25
894,2019-02-22,3944.88,1329.05
895,2019-02-23,3983.48,
896,2019-02-24,4139.6,
897,2019-02-25,3766.89,1331.05
898,2019-02-26,3848.33,1325.05
899,2019-02-27,3831.45,1322.85
900,2019-02-28,3833.23,1319.15
901,2019-03-01,3850.08,1311.95
902,2019-03-02,3834.62,
903,2019-03-03,3831.44,
904,2019-03-04,3814.58,1285.4
905,2019-03-05,3730.98,1283.8
906,2019-03-06,3872.25,1285.85
907,2019-03-07,3876.85,1285.3
908,2019-03-08,3886.82,1296.75
909,2019-03-09,3875.96,
910,2019-03-10,3950.56,
911,2019-03-11,3928.17,1292.75
912,2019-03-12,3881.09,1297.05
913,2019-03-13,3892.51,1306.95
914,2019-03-14,3877.77,1295.55
915,2019-03-15,3885.21,1303.5
916,2019-03-16,3936.5,
917,2019-03-17,4015.95,
918,2019-03-18,3994.92,1305.6
919,2019-03-19,3998.77,1307.7
920,2019-03-20,4029.11,1303.7
921,2019-03-21,4056.4,1309.6
922,2019-03-22,3992.34,1311.3
923,2019-03-23,3999.06,
924,2019-03-24,4011.92,
925,2019-03-25,3994.11,1319.55
926,2019-03-26,3935.89,1316.3
927,2019-03-27,3947.74,1309.7
928,2019-03-28,4048.51,1295.15
929,2019-03-29,4037.37,1295.4
930,2019-03-30,4115.55,
931,2019-03-31,4114.44,
932,2019-04-01,4114.16,1293.5
933,2019-04-02,4152.53,1290.3
934,2019-04-03,4882.88,1290.45
935,2019-04-04,4959.81,1283.15
936,2019-04-05,4911.24,1288.45
937,2019-04-06,5028.77,
938,2019-04-07,5053.52,
939,2019-04-08,5189.39,1300.0
940,2019-04-09,5268.71,1303.0
941,2019-04-10,5175.81,1305.45
942,2019-04-11,5310.18,1298.8
943,2019-04-12,5035.02,1294.3
944,2019-04-13,5072.85,
945,2019-04-14,5064.62,
946,2019-04-15,5152.51,1285.65
947,2019-04-16,5036.18,1276.35
948,2019-04-17,5196.65,1275.85
949,2019-04-18,5220.37,1275.7
950,2019-04-19,5276.31,
951,2019-04-20,5277.04,
952,2019-04-21,5309.28,
953,2019-04-22,5281.83,
954,2019-04-23,5377.19,1269.5
955,2019-04-24,5518.16,1271.65
956,2019-04-25,5434.19,1280.8
957,2019-04-26,5195.61,1284.2
958,2019-04-27,5292.83,
959,2019-04-28,5280.19,
960,2019-04-29,5301.29,1279.5
961,2019-04-30,5260.65,1282.3
962,2019-05-01,5269.79,1283.8
963,2019-05-02,5326.67,1270.95
964,2019-05-03,5390.16,1278.55
965,2019-05-04,5657.14,
966,2019-05-05,5771.08,
967,2019-05-06,5717.66,
968,2019-05-07,5684.47,1281.2
969,2019-05-08,5755.72,1285.2
970,2019-05-09,5936.72,1286.1
971,2019-05-10,6146.91,1287.1
972,2019-05-11,6348.02,
973,2019-05-12,7248.31,
974,2019-05-13,6978.63,1295.6
975,2019-05-14,7823.11,1298.4
976,2019-05-15,7992.69,1299.1
977,2019-05-16,8206.9,1291.7
978,2019-05-17,7885.96,1280.8
979,2019-05-18,7362.22,
980,2019-05-19,7265.05,
981,2019-05-20,8193.7,1276.85
982,2019-05-21,8007.03,1271.15
983,2019-05-22,7952.5,1273.8
984,2019-05-23,7625.93,1283.65
985,2019-05-24,7880.29,1282.5
986,2019-05-25,8003.26,
987,2019-05-26,8071.45,
988,2019-05-27,8744.42,
989,2019-05-28,8770.06,1278.3
990,2019-05-29,8719.88,1281.65
991,2019-05-30,8662.98,1280.95
992,2019-05-31,8272.46,1295.55
993,2019-06-01,8553.81,
994,2019-06-02,8554.8,
995,2019-06-03,8739.03,1317.1
996,2019-06-04,8134.92,1324.25
997,2019-06-05,7675.8,1335.05
998,2019-06-06,7786.04,1335.5
999,2019-06-07,7803.23,1340.65
1000,2019-06-08,7998.29,
1001,2019-06-09,7931.34,
1002,2019-06-10,7640.61,1328.6
1003,2019-06-11,8020.38,1324.3
1004,2019-06-12,7917.58,1332.35
1005,2019-06-13,8173.06,1335.9
1006,2019-06-14,8237.88,1351.25
1007,2019-06-15,8693.6,
1008,2019-06-16,8859.47,
1009,2019-06-17,8978.99,1341.3
1010,2019-06-18,9327.48,1341.35
1011,2019-06-19,9076.18,1344.05
1012,2019-06-20,9281.7,1379.5
1013,2019-06-21,9531.35,1397.15
1014,2019-06-22,10209.38,
1015,2019-06-23,10668.63,
1016,2019-06-24,10814.48,1405.7
1017,2019-06-25,11017.5,1431.4
1018,2019-06-26,11766.4,1403.95
1019,2019-06-27,12932.55,1402.5
1020,2019-06-28,11132.85,1409.0
1021,2019-06-29,12374.35,
1022,2019-06-30,11890.38,
1023,2019-07-01,10737.73,1390.1
1024,2019-07-02,10578.72,1391.05
1025,2019-07-03,10805.4,1413.5
1026,2019-07-04,11984.76,1414.9
1027,2019-07-05,11160.49,1388.65
1028,2019-07-06,10955.16,
1029,2019-07-07,11232.04,
1030,2019-07-08,11477.01,1400.1
1031,2019-07-09,12313.08,1391.55
1032,2019-07-10,12586.78,1408.3
1033,2019-07-11,12099.9,1413.75
1034,2019-07-12,11352.87,1407.6
1035,2019-07-13,11803.97,
1036,2019-07-14,11389.1,
1037,2019-07-15,10186.96,1412.4
1038,2019-07-16,10873.5,1409.85
1039,2019-07-17,9397.72,1410.35
1040,2019-07-18,9674.28,1417.45
1041,2019-07-19,10638.56,1439.7
1042,2019-07-20,10535.75,
1043,2019-07-21,10764.9,
1044,2019-07-22,10587.41,1427.75
1045,2019-07-23,10323.62,1425.55
1046,2019-07-24,9844.3,1426.95
1047,2019-07-25,9772.17,1416.1
1048,2019-07-26,9875.17,1420.4
1049,2019-07-27,9848.65,
1050,2019-07-28,9473.99,
1051,2019-07-29,9530.0,1419.05
1052,2019-07-30,9501.33,1425.9
1053,2019-07-31,9589.13,1427.55
1054,2019-08-01,10084.7,1406.8
1055,2019-08-02,10407.17,1441.75
1056,2019-08-03,10529.55,
1057,2019-08-04,10814.57,
1058,2019-08-05,10980.23,1465.25
1059,2019-08-06,11787.99,1465.25
1060,2019-08-07,11465.67,1506.05
1061,2019-08-08,11960.82,1495.75
1062,2019-08-09,11996.41,1497.7
1063,2019-08-10,11856.64,
1064,2019-08-11,11282.22,
1065,2019-08-12,11566.84,1504.7
1066,2019-08-13,11386.26,1498.4
1067,2019-08-14,10858.12,1513.25
1068,2019-08-15,10016.96,1515.65
1069,2019-08-16,10302.17,1515.25
1070,2019-08-17,10359.44,
1071,2019-08-18,10214.52,
1072,2019-08-19,10317.6,1496.6
1073,2019-08-20,10917.26,1504.55
1074,2019-08-21,10760.56,1503.25
1075,2019-08-22,10129.4,1502.05
1076,2019-08-23,10111.98,1503.8
1077,2019-08-24,10405.81,
1078,2019-08-25,10143.8,
1079,2019-08-26,10135.06,
1080,2019-08-27,10360.28,1532.95
1081,2019-08-28,10171.95,1537.15
1082,2019-08-29,9717.82,1540.2
1083,2019-08-30,9484.55,1528.4
1084,2019-08-31,9577.99,
1085,2019-09-01,9600.9,
1086,2019-09-02,9769.79,1525.95
1087,2019-09-03,10386.64,1537.85
1088,2019-09-04,10621.29,1546.1
1089,2019-09-05,10584.16,1529.1
1090,2019-09-06,10577.8,1523.7
1091,2019-09-07,10317.47,
1092,2019-09-08,10487.21,
1093,2019-09-09,10406.31,1509.2
1094,2019-09-10,10313.66,1498.25
1095,2019-09-11,10101.03,1490.65
1096,2019-09-12,10159.32,1515.2
1097,2019-09-13,10420.16,1503.1
1098,2019-09-14,10363.9,
1099,2019-09-15,10361.33,
1100,2019-09-16,10310.43,1497.2
1101,2019-09-17,10265.63,1502.1
1102,2019-09-18,10190.36,1503.5
1103,2019-09-19,10157.59,1500.7
1104,2019-09-20,10275.88,1501.9
1105,2019-09-21,10173.11,
1106,2019-09-22,9979.49,
1107,2019-09-23,10033.05,1522.1
1108,2019-09-24,9683.38,1520.65
1109,2019-09-25,8553.61,1528.75
1110,2019-09-26,8432.23,1506.4
1111,2019-09-27,8055.64,1489.9
1112,2019-09-28,8193.9,
1113,2019-09-29,8225.0,
1114,2019-09-30,8056.74,1485.3
1115,2019-10-01,8307.74,1473.45
1116,2019-10-02,8322.92,1492.6
1117,2019-10-03,8382.03,1517.1
1118,2019-10-04,8236.17,1499.15
1119,2019-10-05,8155.48,
1120,2019-10-06,8147.69,
1121,2019-10-07,7869.74,1501.25
1122,2019-10-08,8212.02,1505.85
1123,2019-10-09,8190.0,1507.25
1124,2019-10-10,8587.92,1494.8
1125,2019-10-11,8586.9,1479.15
1126,2019-10-12,8269.73,
1127,2019-10-13,8308.01,
1128,2019-10-14,8283.76,1490.6
1129,2019-10-15,8353.54,1487.8
1130,2019-10-16,8162.16,1485.1
1131,2019-10-17,8002.51,1492.65
1132,2019-10-18,8076.78,1490.0
1133,2019-10-19,7954.15,
1134,2019-10-20,7960.04,
1135,2019-10-21,8231.06,1491.65
1136,2019-10-22,8222.52,1485.35
1137,2019-10-23,8026.76,1494.45
1138,2019-10-24,7469.56,1496.55
1139,2019-10-25,7431.88,1513.45
1140,2019-10-26,8666.79,
1141,2019-10-27,9259.8,
1142,2019-10-28,9551.54,1492.4
1143,2019-10-29,9218.76,1486.75
1144,2019-10-30,9433.35,1492.1
1145,2019-10-31,9164.62,1510.95
1146,2019-11-01,9147.98,1508.8
1147,2019-11-02,9252.99,
1148,2019-11-03,9301.18,
1149,2019-11-04,9206.16,1509.45
1150,2019-11-05,9418.05,1488.95
1151,2019-11-06,9310.19,1486.05
1152,2019-11-07,9343.34,1484.25
1153,2019-11-08,9204.24,1464.15
1154,2019-11-09,8766.04,
1155,2019-11-10,8809.41,
1156,2019-11-11,9037.12,1458.7
1157,2019-11-12,8717.81,1452.05
1158,2019-11-13,8801.52,1462.9
1159,2019-11-14,8762.42,1466.65
1160,2019-11-15,8632.32,1466.9
1161,2019-11-16,8457.69,
1162,2019-11-17,8482.7,
1163,2019-11-18,8503.93,1467.65
1164,2019-11-19,8175.99,1468.45
1165,2019-11-20,8120.8,1471.7
1166,2019-11-21,8081.81,1467.05
1167,2019-11-22,7617.07,1464.45
1168,2019-11-23,7286.35,
1169,2019-11-24,7324.03,
1170,2019-11-25,6907.4,1458.4
1171,2019-11-26,7130.25,1454.65
1172,2019-11-27,7163.63,1454.35
1173,2019-11-28,7523.83,1454.65
1174,2019-11-29,7431.0,1460.15
1175,2019-11-30,7757.47,
1176,2019-12-01,7557.72,
1177,2019-12-02,7402.69,1461.15
1178,2019-12-03,7309.59,1477.3
1179,2019-12-04,7296.77,1475.1
1180,2019-12-05,7192.85,1475.95
1181,2019-12-06,7395.97,1459.65
1182,2019-12-07,7547.19,
1183,2019-12-08,7504.83,
1184,2019-12-09,7522.39,1461.7
1185,2019-12-10,7337.42,1464.95
1186,2019-12-11,7220.76,1466.8
1187,2019-12-12,7202.31,1467.8
1188,2019-12-13,7189.16,1466.6
1189,2019-12-14,7251.87,
1190,2019-12-15,7067.74,
1191,2019-12-16,7111.14,1477.9
1192,2019-12-17,6879.54,1475.8
1193,2019-12-18,6612.12,1474.05
1194,2019-12-19,7284.29,1476.7
1195,2019-12-20,7150.86,1479.0
1196,2019-12-21,7190.17,
1197,2019-12-22,7143.2,
1198,2019-12-23,7514.41,1482.1
1199,2019-12-24,7322.08,
1200,2019-12-25,7250.69,
1201,2019-12-26,7192.72,
1202,2019-12-27,7194.4,1511.5
1203,2019-12-28,7243.93,
1204,2019-12-29,7301.07,
1205,2019-12-30,7385.36,1514.75
1206,2019-12-31,7219.6,
1207,2020-01-01,7168.31,
1208,2020-01-02,7175.68,1527.1
1209,2020-01-03,6944.33,1548.75
1210,2020-01-04,7326.35,
1211,2020-01-05,7347.89,
1212,2020-01-06,7351.57,1573.1
1213,2020-01-07,7759.24,1567.85
1214,2020-01-08,8165.47,1571.95
1215,2020-01-09,8042.65,1550.75
1216,2020-01-10,7817.92,1553.6
1217,2020-01-11,8184.66,
1218,2020-01-12,8021.49,
1219,2020-01-13,8173.97,1549.9
1220,2020-01-14,8105.24,1545.1
1221,2020-01-15,8842.42,1549.0
1222,2020-01-16,8813.89,1554.55
1223,2020-01-17,8722.03,1557.6
1224,2020-01-18,8900.34,
1225,2020-01-19,8910.85,
1226,2020-01-20,8703.36,1560.15
1227,2020-01-21,8626.47,1551.3
1228,2020-01-22,8722.26,1556.9
1229,2020-01-23,8658.94,1562.9
1230,2020-01-24,8388.11,1564.3
1231,2020-01-25,8428.17,
1232,2020-01-26,8327.36,
1233,2020-01-27,8588.42,1580.1
1234,2020-01-28,8895.78,1574.0
1235,2020-01-29,9385.69,1573.45
1236,2020-01-30,9279.81,1578.25
1237,2020-01-31,9502.37,1584.2
1238,2020-02-01,9333.77,
1239,2020-02-02,9378.09,
1240,2020-02-03,9314.56,1574.75
1241,2020-02-04,9162.14,1558.35
1242,2020-02-05,9162.14,1553.3
1243,2020-02-06,9614.9,1563.3
1244,2020-02-07,9755.66,1572.65
1245,2020-02-08,9807.54,
1246,2020-02-09,9907.12,
1247,2020-02-10,10162.41,1573.2
1248,2020-02-11,9854.79,1570.5
1249,2020-02-12,10275.38,1563.7
1250,2020-02-13,10354.3,1575.05
1251,2020-02-14,10242.43,1581.4
1252,2020-02-15,10368.53,
1253,2020-02-16,9904.17,
1254,2020-02-17,9937.67,1580.8
1255,2020-02-18,9703.93,1589.85
1256,2020-02-19,10180.65,1604.2
1257,2020-02-20,9604.72,1619.0
1258,2020-02-21,9606.86,1643.3
1259,2020-02-22,9696.58,
1260,2020-02-23,9669.63,
1261,2020-02-24,9989.39,1671.65
1262,2020-02-25,9663.75,1650.3
1263,2020-02-26,9309.15,1634.9
1264,2020-02-27,8785.52,1652.0
1265,2020-02-28,8804.72,1609.85
1266,2020-02-29,8712.35,
1267,2020-03-01,8534.17,
1268,2020-03-02,8912.82,1599.65
1269,2020-03-03,8912.82,1615.5
1270,2020-03-04,8754.34,1641.85
1271,2020-03-05,8758.9,1659.6
1272,2020-03-06,9067.39,1683.65
1273,2020-03-07,9155.89,
1274,2020-03-08,8898.63,
1275,2020-03-09,8039.38,1672.5
1276,2020-03-10,7931.94,1655.7
1277,2020-03-11,7885.46,1653.75
1278,2020-03-12,7936.65,1570.7
1279,2020-03-13,4830.21,1562.8
1280,2020-03-14,5609.03,
1281,2020-03-15,5166.26,
1282,2020-03-16,5348.44,1487.7
1283,2020-03-17,5026.35,1536.2
1284,2020-03-18,5357.61,1498.2
1285,2020-03-19,5410.23,1474.25
1286,2020-03-20,6195.2,1494.4
1287,2020-03-21,6226.44,
1288,2020-03-22,6189.85,
1289,2020-03-23,5822.62,1525.4
1290,2020-03-24,6502.16,1605.75
1291,2020-03-25,6768.49,1605.45
1292,2020-03-26,6698.46,1634.8
1293,2020-03-27,6763.75,1617.3
1294,2020-03-28,6369.09,
1295,2020-03-29,6260.95,
1296,2020-03-30,5885.41,1618.3
1297,2020-03-31,6405.29,1608.95
1298,2020-04-01,6428.28,1576.55
1299,2020-04-02,6652.87,1616.8
1300,2020-04-03,6809.11,1613.1
1301,2020-04-04,6741.67,
1302,2020-04-05,6871.69,
1303,2020-04-06,6777.44,1648.3
1304,2020-04-07,7343.2,1649.25
1305,2020-04-08,7205.55,1647.8
1306,2020-04-09,7365.03,1680.65
1307,2020-04-10,7293.69,
1308,2020-04-11,6873.24,
1309,2020-04-12,6891.6,
1310,2020-04-13,6915.37,
1311,2020-04-14,6857.66,1741.9
1312,2020-04-15,6871.95,1718.65
1313,2020-04-16,6623.8,1729.5
1314,2020-04-17,7112.27,1692.55
1315,2020-04-18,7034.89,
1316,2020-04-19,7259.36,
1317,2020-04-20,7130.04,1686.2
1318,2020-04-21,6840.24,1682.05
1319,2020-04-22,6852.52,1710.55
1320,2020-04-23,7130.99,1736.25
1321,2020-04-24,7477.6,1715.9
1322,2020-04-25,7507.08,
1323,2020-04-26,7549.52,
1324,2020-04-27,7699.27,1714.95
1325,2020-04-28,7790.66,1691.55
1326,2020-04-29,7765.33,1703.35
1327,2020-04-30,8777.63,1702.75
1328,2020-05-01,8628.77,1686.25
1329,2020-05-02,8824.66,
1330,2020-05-03,8973.82,
1331,2020-05-04,8903.95,1709.1
1332,2020-05-05,8885.93,1699.55
1333,2020-05-06,9030.96,1691.5
1334,2020-05-07,9170.79,1704.05
1335,2020-05-08,10002.48,
1336,2020-05-09,9821.8,
1337,2020-05-10,9527.39,
1338,2020-05-11,8754.46,1702.75
1339,2020-05-12,8617.25,1702.4
1340,2020-05-13,8814.53,1708.4
1341,2020-05-14,9305.93,1731.6
1342,2020-05-15,9790.31,1735.35
1343,2020-05-16,9303.59,
1344,2020-05-17,9385.7,
1345,2020-05-18,9669.4,1734.7
1346,2020-05-19,9719.37,1737.95
1347,2020-05-20,9785.74,1748.3
1348,2020-05-21,9510.67,1724.9
1349,2020-05-22,9057.57,1733.55
1350,2020-05-23,9167.26,
1351,2020-05-24,9178.32,
1352,2020-05-25,8730.73,
1353,2020-05-26,8899.66,1720.25
1354,2020-05-27,8842.85,1694.6
1355,2020-05-28,9197.54,1717.35
1356,2020-05-29,9569.21,1728.7
1357,2020-05-30,9425.98,
1358,2020-05-31,9698.1,
1359,2020-06-01,9450.84,1730.6
1360,2020-06-02,10204.23,1742.15
1361,2020-06-03,9525.57,1705.35
1362,2020-06-04,9658.04,1700.05
1363,2020-06-05,9794.56,1683.45
1364,2020-06-06,9623.75,
1365,2020-06-07,9670.43,
1366,2020-06-08,9753.85,1690.35
1367,2020-06-09,9782.59,1713.5
1368,2020-06-10,9775.15,1722.05
1369,2020-06-11,9892.13,1738.25
1370,2020-06-12,9286.42,1733.5
1371,2020-06-13,9459.97,
1372,2020-06-14,9473.5,
1373,2020-06-15,9330.07,1710.45
1374,2020-06-16,9426.7,1719.85
1375,2020-06-17,9526.0,1724.35
1376,2020-06-18,9454.81,1719.5
1377,2020-06-19,9380.03,1734.75
1378,2020-06-20,9300.15,
1379,2020-06-21,9357.43,
1380,2020-06-22,9284.78,1761.85
1381,2020-06-23,9691.9,1768.9
1382,2020-06-24,9621.49,1766.05
1383,2020-06-25,9276.58,1756.55
1384,2020-06-26,9240.85,1747.6
1385,2020-06-27,9154.45,
1386,2020-06-28,9004.23,
1387,2020-06-29,9127.47,1771.6
1388,2020-06-30,9185.35,1768.1
1389,2020-07-01,9133.97,1771.05
1390,2020-07-02,9236.38,1777.45
1391,2020-07-03,9087.98,1772.9
1392,2020-07-04,9072.42,
1393,2020-07-05,9131.31,
1394,2020-07-06,9089.09,1787.9
1395,2020-07-07,9348.91,1789.55
1396,2020-07-08,9256.23,1811.1
1397,2020-07-09,9440.07,1812.1
1398,2020-07-10,9238.04,1803.1
1399,2020-07-11,9287.4,
1400,2020-07-12,9235.96,
1401,2020-07-13,9295.9,1807.5
1402,2020-07-14,9238.13,1801.9
1403,2020-07-15,9254.52,1804.6
1404,2020-07-16,9193.51,1807.7
1405,2020-07-17,9131.0,1807.35
1406,2020-07-18,9154.19,
1407,2020-07-19,9174.71,
1408,2020-07-20,9214.66,1815.65
1409,2020-07-21,9163.87,1842.55
1410,2020-07-22,9392.66,1852.4
1411,2020-07-23,9537.4,1878.3
1412,2020-07-24,9613.11,1902.1
1413,2020-07-25,9551.28,
1414,2020-07-26,9707.5,
1415,2020-07-27,9938.83,1936.65
1416,2020-07-28,11042.4,1940.9
1417,2020-07-29,10934.94,1950.9
1418,2020-07-30,11102.67,1957.65
1419,2020-07-31,11114.93,1964.9
1420,2020-08-01,11343.88,
1421,2020-08-02,11823.69,
1422,2020-08-03,11077.77,1958.55
1423,2020-08-04,11242.57,1977.9
1424,2020-08-05,11194.25,2048.15
1425,2020-08-06,11750.28,2067.15
1426,2020-08-07,11772.94,2031.15
1427,2020-08-08,11605.6,
1428,2020-08-09,11767.6,
1429,2020-08-10,11684.06,2044.5
1430,2020-08-11,11893.03,1939.65
1431,2020-08-12,11392.43,1931.9
1432,2020-08-13,11573.11,1944.25
1433,2020-08-14,11777.43,1944.75
1434,2020-08-15,11774.38,
1435,2020-08-16,11873.98,
1436,2020-08-17,11914.01,1972.85
1437,2020-08-18,12293.72,2008.75
1438,2020-08-19,11969.53,1981.0
1439,2020-08-20,11734.0,1927.15
1440,2020-08-21,11865.82,1924.35
1441,2020-08-22,11522.8,
1442,2020-08-23,11683.44,
1443,2020-08-24,11653.02,1943.95
1444,2020-08-25,11763.93,1911.15
1445,2020-08-26,11337.4,1932.95
1446,2020-08-27,11467.37,1923.85
1447,2020-08-28,11302.01,1957.35
1448,2020-08-29,11534.75,
1449,2020-08-30,11481.64,
1450,2020-08-31,11707.78,
1451,2020-09-01,11659.57,1972.35
1452,2020-09-02,11923.25,1947.05
1453,2020-09-03,11397.44,1940.45
1454,2020-09-04,10187.51,1926.3
1455,2020-09-05,10467.89,
1456,2020-09-06,10159.62,
1457,2020-09-07,10254.93,1928.45
1458,2020-09-08,10367.74,1910.95
1459,2020-09-09,10121.52,1947.2
1460,2020-09-10,10227.83,1966.25
1461,2020-09-11,10352.66,1947.4
1462,2020-09-12,10395.44,
1463,2020-09-13,10446.44,
1464,2020-09-14,10330.77,1958.7
1465,2020-09-15,10674.64,1949.35
1466,2020-09-16,10785.62,1961.8
1467,2020-09-17,10948.43,1936.25
1468,2020-09-18,10943.89,1950.85
1469,2020-09-19,10931.79,
1470,2020-09-20,11081.43,
1471,2020-09-21,10919.65,1909.35
1472,2020-09-22,10430.46,1906.0
1473,2020-09-23,10532.22,1873.4
1474,2020-09-24,10234.48,1861.75
1475,2020-09-25,10732.43,1859.7
1476,2020-09-26,10692.84,
1477,2020-09-27,10732.4,
1478,2020-09-28,10774.24,1864.3
1479,2020-09-29,10692.33,1883.95
1480,2020-09-30,10840.8,1886.9
1481,2020-10-01,10777.92,1902.0
1482,2020-10-02,10619.24,1903.05
1483,2020-10-03,10575.06,
1484,2020-10-04,10551.77,
1485,2020-10-05,10673.46,1909.6
1486,2020-10-06,10788.56,1913.4
1487,2020-10-07,10603.74,1884.5
1488,2020-10-08,10670.8,1887.45
1489,2020-10-09,10923.3,1923.25
1490,2020-10-10,11063.19,
1491,2020-10-11,11302.67,
1492,2020-10-12,11376.61,1925.5
1493,2020-10-13,11540.04,1891.3
1494,2020-10-14,11428.24,1910.05
1495,2020-10-15,11431.32,1891.9
1496,2020-10-16,11503.73,1905.05
1497,2020-10-17,11327.57,
1498,2020-10-18,11366.51,
1499,2020-10-19,11508.2,1905.6
1500,2020-10-20,11758.16,1898.4
1501,2020-10-21,11925.46,1924.15
1502,2020-10-22,12831.56,1900.95
1503,2020-10-23,12990.25,1903.65
1504,2020-10-24,12944.52,
1505,2020-10-25,13128.46,
1506,2020-10-26,13036.77,1898.45
1507,2020-10-27,13076.37,1905.7
1508,2020-10-28,13651.47,1869.95
1509,2020-10-29,13289.0,1870.3
1510,2020-10-30,13458.66,1881.85
1511,2020-10-31,13564.72,
1512,2020-11-01,13810.32,
1513,2020-11-02,13758.88,1889.9
1514,2020-11-03,13575.17,1908.3
1515,2020-11-04,14023.31,1900.15
1516,2020-11-05,14155.59,1938.45
1517,2020-11-06,15591.39,1940.8
1518,2020-11-07,15595.77,
1519,2020-11-08,14839.84,
1520,2020-11-09,15490.6,1867.3
1521,2020-11-10,15328.53,1878.7
1522,2020-11-11,15317.04,1860.95
1523,2020-11-12,15708.65,1874.85
1524,2020-11-13,16295.57,1890.9
1525,2020-11-14,16339.33,
1526,2020-11-15,16091.07,
1527,2020-11-16,15968.16,1885.6
1528,2020-11-17,16725.15,1889.05
1529,2020-11-18,17679.72,1876.1
1530,2020-11-19,17798.45,1857.35
1531,2020-11-20,17820.57,1875.7
1532,2020-11-21,18687.45,
1533,2020-11-22,18699.75,
1534,2020-11-23,18422.28,1840.2
1535,2020-11-24,18398.91,1799.6
1536,2020-11-25,19172.52,1810.2
1537,2020-11-26,18739.8,1807.4
1538,2020-11-27,17151.44,1779.3
1539,2020-11-28,17138.87,
1540,2020-11-29,17732.42,
1541,2020-11-30,18191.6,1762.55
1542,2020-12-01,19709.73,1810.75
1543,2020-12-02,18792.52,1822.6
1544,2020-12-03,19226.97,1832.35
1545,2020-12-04,19454.54,1843.0
1546,2020-12-05,18670.49,
1547,2020-12-06,19155.06,
1548,2020-12-07,19377.66,1859.95
1549,2020-12-08,19181.41,1868.15
1550,2020-12-09,18318.87,1841.75
1551,2020-12-10,18554.15,1844.35
1552,2020-12-11,18247.76,1842.0
1553,2020-12-12,18029.36,
1554,2020-12-13,18803.44,
1555,2020-12-14,19164.48,1831.15
1556,2020-12-15,19276.59,1850.65
1557,2020-12-16,19439.75,1851.95
1558,2020-12-17,21379.48,1890.75
1559,2020-12-18,22847.46,1879.75
1560,2020-12-19,23150.79,
1561,2020-12-20,23869.92,
1562,2020-12-21,23490.58,1880.0
1563,2020-12-22,22745.48,1877.1
1564,2020-12-23,23824.99,1875.0
1565,2020-12-24,23253.37,
1566,2020-12-25,23715.53,
1567,2020-12-26,24693.58,
1568,2020-12-27,26443.21,
1569,2020-12-28,26246.58,
1570,2020-12-29,27036.69,1874.3
1571,2020-12-30,27376.37,1887.6
1572,2020-12-31,28856.59,
1573,2021-01-01,28982.56,
1574,2021-01-02,29393.75,
1575,2021-01-03,32195.46,
1576,2021-01-04,33000.78,1943.2
1577,2021-01-05,32035.03,1940.35
1578,2021-01-06,34046.67,1931.95
1579,2021-01-07,36860.41,1920.1
1580,2021-01-08,39486.04,1862.9
1581,2021-01-09,40670.25,
1582,2021-01-10,40240.72,
1583,2021-01-11,38240.09,1847.25
1584,2021-01-12,35544.94,1841.25
1585,2021-01-13,34011.82,1858.85
1586,2021-01-14,37393.13,1841.75
1587,2021-01-15,39158.47,1839.0
1588,2021-01-16,36828.52,
1589,2021-01-17,36065.2,
1590,2021-01-18,35793.01,1833.05
1591,2021-01-19,36632.35,1834.7
1592,2021-01-20,36020.13,1856.6
1593,2021-01-21,35538.98,1862.1
1594,2021-01-22,30797.88,1852.7
1595,2021-01-23,33002.38,
1596,2021-01-24,32099.74,
1597,2021-01-25,32276.84,1856.85
1598,2021-01-26,32243.26,1856.6
1599,2021-01-27,32541.8,1843.0
1600,2021-01-28,30419.17,1853.7
1601,2021-01-29,33403.17,1863.8
1602,2021-01-30,34314.26,
1603,2021-01-31,34318.1,
1604,2021-02-01,33136.46,1862.95
1605,2021-02-02,33522.9,1833.1
1606,2021-02-03,35529.66,1835.45
1607,2021-02-04,37676.25,1785.9
1608,2021-02-05,37002.09,1802.95
1609,2021-02-06,38278.61,
1610,2021-02-07,39323.26,
1611,2021-02-08,38928.1,1835.25
1612,2021-02-09,46364.3,1839.6
1613,2021-02-10,46589.58,1842.65
1614,2021-02-11,44878.17,1840.1
1615,2021-02-12,48013.38,1816.35
1616,2021-02-13,47471.4,
1617,2021-02-14,47185.19,
1618,2021-02-15,48720.37,1817.3
1619,2021-02-16,47951.85,1794.25
1620,2021-02-17,49160.1,1780.7
1621,2021-02-18,52118.23,1773.15
1622,2021-02-19,51608.15,1786.2
1623,2021-02-20,55916.5,
1624,2021-02-21,56001.2,
1625,2021-02-22,57487.86,1807.45
1626,2021-02-23,54123.4,1799.65
1627,2021-02-24,48880.43,1788.0
1628,2021-02-25,50624.84,1779.65
1629,2021-02-26,46800.42,1742.85
1630,2021-02-27,46340.31,
1631,2021-02-28,46155.87,
1632,2021-03-01,45113.92,1734.15
1633,2021-03-02,49618.43,1723.85
1634,2021-03-03,48356.04,1711.4
1635,2021-03-04,50477.7,1712.1
1636,2021-03-05,48448.91,1696.25
1637,2021-03-06,48861.38,
1638,2021-03-07,48881.59,
1639,2021-03-08,51169.7,1687.05
1640,2021-03-09,52299.33,1716.9
1641,2021-03-10,54881.52,1716.2
1642,2021-03-11,55997.23,1724.25
1643,2021-03-12,57764.0,1704.8
1644,2021-03-13,57253.28,
1645,2021-03-14,61258.73,
1646,2021-03-15,59133.47,1723.65
1647,2021-03-16,55754.72,1735.0
1648,2021-03-17,56872.38,1729.65
1649,2021-03-18,58913.0,1725.9
1650,2021-03-19,57665.9,1735.2
1651,2021-03-20,58075.1,
1652,2021-03-21,58085.8,
1653,2021-03-22,57411.17,1736.15
1654,2021-03-23,54204.96,1726.2
1655,2021-03-24,54477.46,1730.5
1656,2021-03-25,52508.23,1737.3
1657,2021-03-26,51415.92,1731.8
1658,2021-03-27,55074.47,
1659,2021-03-28,55863.93,
1660,2021-03-29,55783.71,1705.95
1661,2021-03-30,57627.67,1683.95
1662,2021-03-31,58730.13,1691.05
1663,2021-04-01,58735.25,1726.05
1664,2021-04-02,58736.92,
1665,2021-04-03,59031.32,
1666,2021-04-04,57076.49,
1667,2021-04-05,58206.55,
1668,2021-04-06,59054.1,1744.65
1669,2021-04-07,58020.46,1738.05
1670,2021-04-08,55947.27,1755.5
1671,2021-04-09,58048.59,1741.2
1672,2021-04-10,58102.58,
1673,2021-04-11,59774.0,
1674,2021-04-12,59964.87,1732.85
1675,2021-04-13,59834.74,1747.95
1676,2021-04-14,63554.44,1735.55
1677,2021-04-15,62969.12,1757.2
1678,2021-04-16,63252.63,1774.45
1679,2021-04-17,61455.98,
1680,2021-04-18,60087.09,
1681,2021-04-19,56251.48,1774.5
1682,2021-04-20,55703.14,1777.85
1683,2021-04-21,56507.91,1798.2
1684,2021-04-22,53808.8,1787.75
1685,2021-04-23,51731.71,1781.8
1686,2021-04-24,51153.13,
1687,2021-04-25,50110.53,
1688,2021-04-26,49075.58,1773.35
1689,2021-04-27,54056.64,1784.15
1690,2021-04-28,55071.46,1772.2
1691,2021-04-29,54884.1,1762.65
1692,2021-04-30,53584.15,1767.65
1693,2021-05-01,57796.62,
1694,2021-05-02,57857.5,
1695,2021-05-03,56610.46,
1696,2021-05-04,57213.33,1797.75
1697,2021-05-05,53241.72,1782.25
1698,2021-05-06,57473.23,1813.15
1699,2021-05-07,56428.16,1836.55
1700,2021-05-08,57380.27,
1701,2021-05-09,58928.81,
1702,2021-05-10,58280.73,1840.45
1703,2021-05-11,55883.5,1829.1
1704,2021-05-12,56750.0,1830.7
1705,2021-05-13,49007.09,1821.8
1706,2021-05-14,49702.27,1838.1
1707,2021-05-15,49922.52,
1708,2021-05-16,46736.58,
1709,2021-05-17,46441.64,1853.7
1710,2021-05-18,43596.24,1866.75
1711,2021-05-19,42912.19,1888.45
1712,2021-05-20,36964.27,1878.3
1713,2021-05-21,40784.32,1875.9
1714,2021-05-22,37280.35,
1715,2021-05-23,37528.3,
1716,2021-05-24,34754.54,1880.15
1717,2021-05-25,38728.59,1887.0
1718,2021-05-26,38410.5,1899.75
1719,2021-05-27,39266.04,1891.45
1720,2021-05-28,38445.29,1899.95
1721,2021-05-29,35689.62,
1722,2021-05-30,34647.67,
1723,2021-05-31,35684.59,
1724,2021-06-01,37310.54,1899.35
1725,2021-06-02,36662.64,1902.75
1726,2021-06-03,37585.24,1866.55
1727,2021-06-04,39188.59,1890.6
1728,2021-06-05,36885.51,
1729,2021-06-06,35530.38,
1730,2021-06-07,35816.17,1888.4
1731,2021-06-08,33514.87,1893.15
1732,2021-06-09,33450.19,1894.6
1733,2021-06-10,37338.36,1888.65
1734,2021-06-11,36704.57,1881.05
1735,2021-06-12,37313.18,
1736,2021-06-13,35494.9,
1737,2021-06-14,39066.82,1865.6
1738,2021-06-15,40525.8,1865.1
1739,2021-06-16,40188.56,1860.75
1740,2021-06-17,38324.87,1778.7
1741,2021-06-18,38068.04,1773.1
1742,2021-06-19,35729.82,
1743,2021-06-20,35524.17,
1744,2021-06-21,35592.35,1775.05
1745,2021-06-22,31686.55,1775.05
1746,2021-06-23,32447.59,1791.6
1747,2021-06-24,33674.66,1784.85
1748,2021-06-25,34639.38,1786.65
1749,2021-06-26,31640.58,
1750,2021-06-27,32160.91,
1751,2021-06-28,34644.45,1780.3
1752,2021-06-29,34456.67,1755.45
1753,2021-06-30,35847.7,1763.15
1754,2021-07-01,35047.36,1781.5
1755,2021-07-02,33536.88,1786.15
1756,2021-07-03,33856.86,
1757,2021-07-04,34688.98,
1758,2021-07-05,35309.3,1791.35
1759,2021-07-06,33747.97,1809.85
1760,2021-07-07,34211.01,1804.65
1761,2021-07-08,33839.04,1807.7
1762,2021-07-09,32877.41,1806.0
1763,2021-07-10,33818.52,
1764,2021-07-11,33515.57,
1765,2021-07-12,34227.64,1792.4
1766,2021-07-13,33158.25,1813.85
1767,2021-07-14,32686.56,1823.2
1768,2021-07-15,32814.61,1823.75
1769,2021-07-16,31738.59,1824.3
1770,2021-07-17,31421.25,
1771,2021-07-18,31520.66,
1772,2021-07-19,31783.49,1814.9
1773,2021-07-20,30815.94,1823.05
1774,2021-07-21,29790.24,1802.15
1775,2021-07-22,32118.06,1799.45
1776,2021-07-23,32297.89,1799.6
1777,2021-07-24,33581.63,
1778,2021-07-25,34279.34,
1779,2021-07-26,35365.2,1800.2
1780,2021-07-27,37318.14,1800.35
1781,2021-07-28,39405.95,1796.6
1782,2021-07-29,40002.53,1829.3
1783,2021-07-30,40005.93,1825.75
1784,2021-07-31,42214.15,
1785,2021-08-01,41659.06,
1786,2021-08-02,40000.46,1811.45
1787,2021-08-03,39193.94,1812.65
1788,2021-08-04,38138.0,1829.1
1789,2021-08-05,39750.14,1800.75
1790,2021-08-06,40882.0,1762.9
1791,2021-08-07,42825.95,
1792,2021-08-08,44634.13,
1793,2021-08-09,43816.14,1738.85
1794,2021-08-10,46333.46,1723.35
1795,2021-08-11,45608.37,1743.6
1796,2021-08-12,45611.46,1747.4
1797,2021-08-13,44417.78,1773.85
1798,2021-08-14,47833.98,
1799,2021-08-15,47112.19,
1800,2021-08-16,47056.41,1786.35
1801,2021-08-17,45982.55,1789.45
1802,2021-08-18,44648.57,1783.45
1803,2021-08-19,44777.86,1782.05
1804,2021-08-20,46734.65,1779.05
1805,2021-08-21,49327.75,
1806,2021-08-22,48932.02,
1807,2021-08-23,49335.68,1802.0
1808,2021-08-24,49523.5,1808.45
1809,2021-08-25,47744.58,1788.7
1810,2021-08-26,48972.09,1786.6
1811,2021-08-27,46962.8,1798.5
1812,2021-08-28,49056.86,
1813,2021-08-29,48897.65,
1814,2021-08-30,48806.78,
1815,2021-08-31,47074.77,1814.85
1816,2021-09-01,47155.87,1811.8
1817,2021-09-02,48862.76,1812.55
1818,2021-09-03,49329.01,1823.7
1819,2021-09-04,50035.33,
1820,2021-09-05,49947.38,
1821,2021-09-06,51769.06,1821.6
1822,2021-09-07,52677.4,1802.15
1823,2021-09-08,46809.17,1786.0
1824,2021-09-09,46078.38,1788.25
1825,2021-09-10,46368.69,1794.6
